Site,Date,label,count
3BRamp080,03_09_2022,Great Blue Heron,21
3BRamp080,03_09_2022,Great Egret,162
3BRamp080,03_09_2022,Roseate Spoonbill,1
3BRamp080,03_09_2022,White Ibis,1
3BRamp080,03_09_2022,Wood Stork,2
6thBridge,02_10_2022,Great Blue Heron,43
6thBridge,02_10_2022,Great Egret,885
6thBridge,02_10_2022,Roseate Spoonbill,397
6thBridge,02_10_2022,White Ibis,25
6thBridge,02_10_2022,Wood Stork,1
6thBridge,02_11_2020,Great Blue Heron,10
6thBridge,02_11_2020,Great Egret,752
6thBridge,02_11_2020,Roseate Spoonbill,393
6thBridge,02_11_2020,White Ibis,6563
6thBridge,02_11_2020,Wood Stork,7
6thBridge,02_12_2021,Great Blue Heron,23
6thBridge,02_12_2021,Great Egret,619
6thBridge,02_12_2021,Roseate Spoonbill,258
6thBridge,02_12_2021,White Ibis,23
6thBridge,02_17_2023,Great Blue Heron,48
6thBridge,02_17_2023,Great Egret,2225
6thBridge,02_17_2023,Roseate Spoonbill,408
6thBridge,02_17_2023,White Ibis,1584
6thBridge,02_17_2023,Wood Stork,13
6thBridge,02_19_2021,Great Blue Heron,40
6thBridge,02_19_2021,Great Egret,977
6thBridge,02_19_2021,Roseate Spoonbill,313
6thBridge,02_19_2021,White Ibis,50
6thBridge,02_19_2021,Wood Stork,2
6thBridge,02_19_2022,Great Blue Heron,47
6thBridge,02_19_2022,Great Egret,752
6thBridge,02_19_2022,Roseate Spoonbill,280
6thBridge,02_19_2022,White Ibis,5
6thBridge,02_19_2022,Wood Stork,1
6thBridge,02_21_2020,Great Blue Heron,24
6thBridge,02_21_2020,Great Egret,290
6thBridge,02_21_2020,Roseate Spoonbill,244
6thBridge,02_21_2020,White Ibis,104
6thBridge,02_22_2023,Great Blue Heron,75
6thBridge,02_22_2023,Great Egret,3507
6thBridge,02_22_2023,Roseate Spoonbill,502
6thBridge,02_22_2023,White Ibis,2671
6thBridge,02_22_2023,Wood Stork,17
6thBridge,02_24_2022,Great Blue Heron,43
6thBridge,02_24_2022,Great Egret,1136
6thBridge,02_24_2022,Roseate Spoonbill,366
6thBridge,02_24_2022,White Ibis,2
6thBridge,02_24_2022,Wood Stork,5
6thBridge,02_26_2021,Great Blue Heron,44
6thBridge,02_26_2021,Great Egret,951
6thBridge,02_26_2021,Roseate Spoonbill,354
6thBridge,02_26_2021,White Ibis,29
6thBridge,02_26_2021,Wood Stork,2
6thBridge,03_01_2023,Great Blue Heron,82
6thBridge,03_01_2023,Great Egret,3397
6thBridge,03_01_2023,Roseate Spoonbill,386
6thBridge,03_01_2023,Snowy Egret,1
6thBridge,03_01_2023,White Ibis,1315
6thBridge,03_01_2023,Wood Stork,34
6thBridge,03_03_2022,Great Blue Heron,41
6thBridge,03_03_2022,Great Egret,1316
6thBridge,03_03_2022,Roseate Spoonbill,319
6thBridge,03_03_2022,White Ibis,16
6thBridge,03_03_2022,Wood Stork,1
6thBridge,03_04_2021,Great Blue Heron,42
6thBridge,03_04_2021,Great Egret,1041
6thBridge,03_04_2021,Roseate Spoonbill,356
6thBridge,03_04_2021,White Ibis,53
6thBridge,03_04_2021,Wood Stork,1
6thBridge,03_06_2020,Great Blue Heron,23
6thBridge,03_06_2020,Great Egret,2936
6thBridge,03_06_2020,Roseate Spoonbill,548
6thBridge,03_06_2020,White Ibis,8615
6thBridge,03_06_2020,Wood Stork,25
6thBridge,03_08_2023,Great Blue Heron,88
6thBridge,03_08_2023,Great Egret,4302
6thBridge,03_08_2023,Roseate Spoonbill,428
6thBridge,03_08_2023,Snowy Egret,1
6thBridge,03_08_2023,White Ibis,3656
6thBridge,03_08_2023,Wood Stork,55
6thBridge,03_11_2020,Great Blue Heron,41
6thBridge,03_11_2020,Great Egret,1376
6thBridge,03_11_2020,Roseate Spoonbill,745
6thBridge,03_11_2020,White Ibis,12132
6thBridge,03_11_2020,Wood Stork,3
6thBridge,03_11_2021,Great Blue Heron,43
6thBridge,03_11_2021,Great Egret,983
6thBridge,03_11_2021,Roseate Spoonbill,362
6thBridge,03_11_2021,White Ibis,13
6thBridge,03_11_2021,Wood Stork,2
6thBridge,03_11_2022,Great Blue Heron,5
6thBridge,03_11_2022,Great Egret,2052
6thBridge,03_11_2022,Roseate Spoonbill,245
6thBridge,03_11_2022,White Ibis,54
6thBridge,03_14_2023,Great Blue Heron,23
6thBridge,03_14_2023,Great Egret,1998
6thBridge,03_14_2023,Roseate Spoonbill,467
6thBridge,03_14_2023,White Ibis,8332
6thBridge,03_14_2023,Wood Stork,18
6thBridge,03_17_2022,Great Blue Heron,21
6thBridge,03_17_2022,Great Egret,2988
6thBridge,03_17_2022,Roseate Spoonbill,422
6thBridge,03_17_2022,White Ibis,2543
6thBridge,03_17_2022,Wood Stork,8
6thBridge,03_18_2020,Great Blue Heron,33
6thBridge,03_18_2020,Great Egret,1834
6thBridge,03_18_2020,Roseate Spoonbill,611
6thBridge,03_18_2020,Snowy Egret,1
6thBridge,03_18_2020,White Ibis,15289
6thBridge,03_18_2020,Wood Stork,18
6thBridge,03_18_2021,Great Blue Heron,43
6thBridge,03_18_2021,Great Egret,995
6thBridge,03_18_2021,Roseate Spoonbill,343
6thBridge,03_18_2021,White Ibis,35
6thBridge,03_21_2023,Great Blue Heron,55
6thBridge,03_21_2023,Great Egret,4166
6thBridge,03_21_2023,Roseate Spoonbill,487
6thBridge,03_21_2023,Snowy Egret,1
6thBridge,03_21_2023,White Ibis,5438
6thBridge,03_21_2023,Wood Stork,130
6thBridge,03_23_2022,Great Blue Heron,49
6thBridge,03_23_2022,Great Egret,3493
6thBridge,03_23_2022,Roseate Spoonbill,547
6thBridge,03_23_2022,Snowy Egret,1
6thBridge,03_23_2022,White Ibis,2529
6thBridge,03_23_2022,Wood Stork,12
6thBridge,03_25_2020,Great Blue Heron,29
6thBridge,03_25_2020,Great Egret,1211
6thBridge,03_25_2020,Roseate Spoonbill,578
6thBridge,03_25_2020,Snowy Egret,1
6thBridge,03_25_2020,White Ibis,17764
6thBridge,03_25_2020,Wood Stork,12
6thBridge,03_25_2021,Great Blue Heron,44
6thBridge,03_25_2021,Great Egret,1217
6thBridge,03_25_2021,Roseate Spoonbill,343
6thBridge,03_25_2021,White Ibis,31
6thBridge,03_25_2021,Wood Stork,1
6thBridge,03_28_2023,Great Blue Heron,83
6thBridge,03_28_2023,Great Egret,5024
6thBridge,03_28_2023,Roseate Spoonbill,575
6thBridge,03_28_2023,White Ibis,2968
6thBridge,03_28_2023,Wood Stork,75
6thBridge,04_01_2020,Great Blue Heron,24
6thBridge,04_01_2020,Great Egret,1217
6thBridge,04_01_2020,Roseate Spoonbill,614
6thBridge,04_01_2020,Snowy Egret,1
6thBridge,04_01_2020,White Ibis,17040
6thBridge,04_01_2020,Wood Stork,4
6thBridge,04_01_2021,Great Blue Heron,67
6thBridge,04_01_2021,Great Egret,1448
6thBridge,04_01_2021,Roseate Spoonbill,376
6thBridge,04_01_2021,White Ibis,104
6thBridge,04_01_2021,Wood Stork,10
6thBridge,04_01_2022,Great Blue Heron,35
6thBridge,04_01_2022,Great Egret,3689
6thBridge,04_01_2022,Roseate Spoonbill,496
6thBridge,04_01_2022,Snowy Egret,2
6thBridge,04_01_2022,White Ibis,1748
6thBridge,04_01_2022,Wood Stork,25
6thBridge,04_04_2023,Great Blue Heron,56
6thBridge,04_04_2023,Great Egret,2984
6thBridge,04_04_2023,Roseate Spoonbill,457
6thBridge,04_04_2023,White Ibis,3928
6thBridge,04_04_2023,Wood Stork,39
6thBridge,04_07_2022,Great Blue Heron,29
6thBridge,04_07_2022,Great Egret,2711
6thBridge,04_07_2022,Roseate Spoonbill,595
6thBridge,04_07_2022,White Ibis,2435
6thBridge,04_07_2022,Wood Stork,23
6thBridge,04_08_2020,Great Blue Heron,32
6thBridge,04_08_2020,Great Egret,1911
6thBridge,04_08_2020,Roseate Spoonbill,458
6thBridge,04_08_2020,Snowy Egret,1
6thBridge,04_08_2020,White Ibis,12562
6thBridge,04_08_2020,Wood Stork,8
6thBridge,04_08_2021,Great Blue Heron,73
6thBridge,04_08_2021,Great Egret,1583
6thBridge,04_08_2021,Roseate Spoonbill,335
6thBridge,04_08_2021,White Ibis,43
6thBridge,04_08_2021,Wood Stork,4
6thBridge,04_14_2022,Great Blue Heron,65
6thBridge,04_14_2022,Great Egret,3636
6thBridge,04_14_2022,Roseate Spoonbill,450
6thBridge,04_14_2022,White Ibis,1289
6thBridge,04_14_2022,Wood Stork,67
6thBridge,04_15_2020,Great Blue Heron,28
6thBridge,04_15_2020,Great Egret,1548
6thBridge,04_15_2020,Roseate Spoonbill,502
6thBridge,04_15_2020,Snowy Egret,4
6thBridge,04_15_2020,White Ibis,8508
6thBridge,04_15_2020,Wood Stork,6
6thBridge,04_15_2023,Great Blue Heron,34
6thBridge,04_15_2023,Great Egret,3686
6thBridge,04_15_2023,Roseate Spoonbill,343
6thBridge,04_15_2023,Snowy Egret,4
6thBridge,04_15_2023,White Ibis,1431
6thBridge,04_15_2023,Wood Stork,40
6thBridge,04_20_2023,Great Blue Heron,42
6thBridge,04_20_2023,Great Egret,2561
6thBridge,04_20_2023,Roseate Spoonbill,240
6thBridge,04_20_2023,Snowy Egret,1
6thBridge,04_20_2023,White Ibis,1871
6thBridge,04_20_2023,Wood Stork,26
6thBridge,04_22_2022,Great Blue Heron,19
6thBridge,04_22_2022,Great Egret,1929
6thBridge,04_22_2022,Roseate Spoonbill,558
6thBridge,04_22_2022,White Ibis,1861
6thBridge,04_22_2022,Wood Stork,13
6thBridge,04_27_2023,Great Blue Heron,35
6thBridge,04_27_2023,Great Egret,1533
6thBridge,04_27_2023,Roseate Spoonbill,68
6thBridge,04_27_2023,White Ibis,116
6thBridge,04_27_2023,Wood Stork,8
6thBridge,04_29_2021,Great Blue Heron,50
6thBridge,04_29_2021,Great Egret,1896
6thBridge,04_29_2021,Roseate Spoonbill,343
6thBridge,04_29_2021,White Ibis,77
6thBridge,04_29_2021,Wood Stork,12
6thBridge,05_01_2020,Great Blue Heron,32
6thBridge,05_01_2020,Great Egret,3419
6thBridge,05_01_2020,Roseate Spoonbill,570
6thBridge,05_01_2020,Snowy Egret,3
6thBridge,05_01_2020,White Ibis,1071
6thBridge,05_01_2020,Wood Stork,74
6thBridge,05_06_2020,Great Blue Heron,35
6thBridge,05_06_2020,Great Egret,2626
6thBridge,05_06_2020,Roseate Spoonbill,534
6thBridge,05_06_2020,Snowy Egret,3
6thBridge,05_06_2020,White Ibis,845
6thBridge,05_06_2020,Wood Stork,144
6thBridge,05_29_2020,Great Blue Heron,26
6thBridge,05_29_2020,Great Egret,1208
6thBridge,05_29_2020,Roseate Spoonbill,71
6thBridge,05_29_2020,Snowy Egret,1
6thBridge,05_29_2020,White Ibis,332
6thBridge,05_29_2020,Wood Stork,2
Aerie,03_26_2021,Great Blue Heron,2
Aerie,03_26_2021,Great Egret,46
Aerie,03_26_2021,White Ibis,71
Aerie,04_27_2020,Great Egret,35
Aerie,04_27_2020,White Ibis,19
AlleyNorth,02_13_2020,Great Blue Heron,5
AlleyNorth,02_13_2020,Great Egret,85
AlleyNorth,02_13_2020,Roseate Spoonbill,114
AlleyNorth,02_13_2020,White Ibis,156
AlleyNorth,02_18_2021,Great Blue Heron,6
AlleyNorth,02_18_2021,Great Egret,415
AlleyNorth,02_18_2021,Roseate Spoonbill,58
AlleyNorth,02_18_2021,White Ibis,64
AlleyNorth,02_23_2021,Great Blue Heron,19
AlleyNorth,02_23_2021,Great Egret,4069
AlleyNorth,02_23_2021,Roseate Spoonbill,449
AlleyNorth,02_23_2021,Snowy Egret,4
AlleyNorth,02_23_2021,White Ibis,2018
AlleyNorth,02_23_2021,Wood Stork,7
AlleyNorth,03_16_2021,Great Blue Heron,13
AlleyNorth,03_16_2021,Great Egret,4010
AlleyNorth,03_16_2021,Roseate Spoonbill,90
AlleyNorth,03_16_2021,White Ibis,7857
AlleyNorth,03_16_2021,Wood Stork,67
AlleyNorth,04_06_2021,Great Blue Heron,65
AlleyNorth,04_06_2021,Great Egret,4849
AlleyNorth,04_06_2021,Roseate Spoonbill,166
AlleyNorth,04_06_2021,White Ibis,2853
AlleyNorth,04_06_2021,Wood Stork,71
AlleyNorth,04_14_2021,Great Blue Heron,44
AlleyNorth,04_14_2021,Great Egret,6113
AlleyNorth,04_14_2021,Roseate Spoonbill,507
AlleyNorth,04_14_2021,Snowy Egret,1
AlleyNorth,04_14_2021,White Ibis,3141
AlleyNorth,04_14_2021,Wood Stork,12
BigMel,04_28_2021,Great Blue Heron,12
BigMel,04_28_2021,Great Egret,70
BigMel,04_28_2021,Roseate Spoonbill,6
BigMel,04_28_2021,White Ibis,21
BigMel,04_28_2021,Wood Stork,1
CypressCity,02_04_2020,Great Blue Heron,11
CypressCity,02_04_2020,Great Egret,22
CypressCity,02_04_2020,Roseate Spoonbill,2
CypressCity,02_04_2020,Wood Stork,1
CypressCity,02_10_2022,Great Blue Heron,16
CypressCity,02_10_2022,Great Egret,45
CypressCity,02_10_2022,Roseate Spoonbill,13
CypressCity,02_10_2022,Wood Stork,2
CypressCity,02_19_2021,Great Blue Heron,17
CypressCity,02_19_2021,Great Egret,124
CypressCity,02_19_2021,Roseate Spoonbill,10
CypressCity,02_19_2021,White Ibis,4
CypressCity,02_19_2022,Great Blue Heron,19
CypressCity,02_19_2022,Great Egret,29
CypressCity,02_19_2022,Roseate Spoonbill,10
CypressCity,02_22_2023,Great Blue Heron,12
CypressCity,02_22_2023,Great Egret,60
CypressCity,02_22_2023,White Ibis,5
CypressCity,02_24_2022,Great Blue Heron,18
CypressCity,02_24_2022,Great Egret,75
CypressCity,02_24_2022,Roseate Spoonbill,13
CypressCity,02_24_2022,Wood Stork,3
CypressCity,02_26_2021,Great Blue Heron,20
CypressCity,02_26_2021,Great Egret,154
CypressCity,02_26_2021,Roseate Spoonbill,25
CypressCity,02_26_2021,White Ibis,2
CypressCity,02_26_2021,Wood Stork,3
CypressCity,02_28_2020,Great Blue Heron,18
CypressCity,02_28_2020,Great Egret,195
CypressCity,02_28_2020,Roseate Spoonbill,30
CypressCity,02_28_2020,White Ibis,2
CypressCity,02_28_2020,Wood Stork,3
CypressCity,03_01_2023,Great Blue Heron,14
CypressCity,03_01_2023,Great Egret,50
CypressCity,03_01_2023,Roseate Spoonbill,1
CypressCity,03_01_2023,White Ibis,1
CypressCity,03_03_2022,Great Blue Heron,23
CypressCity,03_03_2022,Great Egret,52
CypressCity,03_03_2022,Roseate Spoonbill,19
CypressCity,03_03_2022,Wood Stork,1
CypressCity,03_04_2021,Great Blue Heron,21
CypressCity,03_04_2021,Great Egret,135
CypressCity,03_04_2021,Roseate Spoonbill,22
CypressCity,03_04_2021,White Ibis,15
CypressCity,03_04_2021,Wood Stork,1
CypressCity,03_06_2020,Great Blue Heron,18
CypressCity,03_06_2020,Great Egret,311
CypressCity,03_06_2020,Roseate Spoonbill,134
CypressCity,03_06_2020,White Ibis,40
CypressCity,03_06_2020,Wood Stork,1
CypressCity,03_08_2023,Great Blue Heron,6
CypressCity,03_08_2023,Great Egret,56
CypressCity,03_08_2023,Roseate Spoonbill,1
CypressCity,03_08_2023,White Ibis,11
CypressCity,03_11_2020,Great Blue Heron,22
CypressCity,03_11_2020,Great Egret,292
CypressCity,03_11_2020,Roseate Spoonbill,102
CypressCity,03_11_2020,White Ibis,12
CypressCity,03_11_2020,Wood Stork,2
CypressCity,03_11_2021,Great Blue Heron,24
CypressCity,03_11_2021,Great Egret,114
CypressCity,03_11_2021,Roseate Spoonbill,21
CypressCity,03_11_2021,White Ibis,2
CypressCity,03_11_2022,Great Blue Heron,1
CypressCity,03_11_2022,Great Egret,89
CypressCity,03_11_2022,Roseate Spoonbill,18
CypressCity,03_14_2023,Great Blue Heron,13
CypressCity,03_14_2023,Great Egret,66
CypressCity,03_14_2023,Roseate Spoonbill,2
CypressCity,03_14_2023,White Ibis,4
CypressCity,03_14_2023,Wood Stork,1
CypressCity,03_17_2022,Great Blue Heron,1
CypressCity,03_17_2022,Great Egret,136
CypressCity,03_17_2022,Roseate Spoonbill,37
CypressCity,03_17_2022,White Ibis,1
CypressCity,03_18_2020,Great Blue Heron,21
CypressCity,03_18_2020,Great Egret,309
CypressCity,03_18_2020,Roseate Spoonbill,111
CypressCity,03_18_2020,White Ibis,3
CypressCity,03_18_2020,Wood Stork,37
CypressCity,03_18_2021,Great Blue Heron,27
CypressCity,03_18_2021,Great Egret,113
CypressCity,03_18_2021,Roseate Spoonbill,22
CypressCity,03_18_2021,White Ibis,1
CypressCity,03_18_2021,Wood Stork,1
CypressCity,03_21_2023,Great Blue Heron,14
CypressCity,03_21_2023,Great Egret,47
CypressCity,03_21_2023,Roseate Spoonbill,2
CypressCity,03_23_2022,Great Blue Heron,15
CypressCity,03_23_2022,Great Egret,125
CypressCity,03_23_2022,Roseate Spoonbill,34
CypressCity,03_23_2022,White Ibis,1
CypressCity,03_23_2022,Wood Stork,3
CypressCity,03_25_2020,Great Blue Heron,32
CypressCity,03_25_2020,Great Egret,310
CypressCity,03_25_2020,Roseate Spoonbill,83
CypressCity,03_25_2020,Wood Stork,34
CypressCity,03_25_2021,Great Blue Heron,24
CypressCity,03_25_2021,Great Egret,94
CypressCity,03_25_2021,Roseate Spoonbill,22
CypressCity,03_25_2021,White Ibis,5
CypressCity,03_28_2023,Great Blue Heron,1
CypressCity,03_28_2023,Great Egret,31
CypressCity,03_28_2023,Roseate Spoonbill,1
CypressCity,03_28_2023,White Ibis,9
CypressCity,03_31_2022,Great Blue Heron,16
CypressCity,03_31_2022,Great Egret,118
CypressCity,03_31_2022,Roseate Spoonbill,53
CypressCity,03_31_2022,White Ibis,5
CypressCity,03_31_2022,Wood Stork,6
CypressCity,04_01_2020,Great Blue Heron,27
CypressCity,04_01_2020,Great Egret,304
CypressCity,04_01_2020,Roseate Spoonbill,115
CypressCity,04_01_2020,White Ibis,1
CypressCity,04_01_2020,Wood Stork,71
CypressCity,04_01_2021,Great Blue Heron,21
CypressCity,04_01_2021,Great Egret,134
CypressCity,04_01_2021,Roseate Spoonbill,17
CypressCity,04_01_2021,White Ibis,1
CypressCity,04_01_2021,Wood Stork,2
CypressCity,04_04_2023,Great Blue Heron,1
CypressCity,04_04_2023,Great Egret,14
CypressCity,04_04_2023,White Ibis,7
CypressCity,04_07_2022,Great Blue Heron,12
CypressCity,04_07_2022,Great Egret,92
CypressCity,04_07_2022,Roseate Spoonbill,29
CypressCity,04_07_2022,White Ibis,1
CypressCity,04_07_2022,Wood Stork,4
CypressCity,04_08_2020,Great Blue Heron,28
CypressCity,04_08_2020,Great Egret,278
CypressCity,04_08_2020,Roseate Spoonbill,54
CypressCity,04_08_2020,White Ibis,2
CypressCity,04_08_2020,Wood Stork,71
CypressCity,04_08_2021,Great Blue Heron,28
CypressCity,04_08_2021,Great Egret,114
CypressCity,04_08_2021,Roseate Spoonbill,24
CypressCity,04_08_2021,Wood Stork,3
CypressCity,04_14_2022,Great Blue Heron,15
CypressCity,04_14_2022,Great Egret,109
CypressCity,04_14_2022,Roseate Spoonbill,16
CypressCity,04_14_2022,White Ibis,5
CypressCity,04_15_2020,Great Blue Heron,19
CypressCity,04_15_2020,Great Egret,314
CypressCity,04_15_2020,Roseate Spoonbill,57
CypressCity,04_15_2020,White Ibis,4
CypressCity,04_15_2020,Wood Stork,49
CypressCity,04_15_2023,Great Blue Heron,4
CypressCity,04_15_2023,Great Egret,10
CypressCity,04_15_2023,White Ibis,1
CypressCity,04_16_2021,Great Blue Heron,27
CypressCity,04_16_2021,Great Egret,103
CypressCity,04_16_2021,Roseate Spoonbill,7
CypressCity,04_16_2021,White Ibis,9
CypressCity,04_16_2021,Wood Stork,6
CypressCity,04_21_2022,Great Blue Heron,11
CypressCity,04_21_2022,Great Egret,97
CypressCity,04_21_2022,Roseate Spoonbill,16
CypressCity,04_21_2022,White Ibis,2
CypressCity,04_21_2022,Wood Stork,4
CypressCity,04_22_2020,Great Blue Heron,12
CypressCity,04_22_2020,Great Egret,236
CypressCity,04_22_2020,Roseate Spoonbill,29
CypressCity,04_22_2020,White Ibis,2
CypressCity,04_22_2020,Wood Stork,30
CypressCity,04_22_2021,Great Blue Heron,6
CypressCity,04_22_2021,Great Egret,99
CypressCity,04_22_2021,Roseate Spoonbill,10
CypressCity,04_22_2021,White Ibis,13
CypressCity,04_22_2021,Wood Stork,1
CypressCity,04_27_2023,Great Blue Heron,4
CypressCity,04_27_2023,Great Egret,6
CypressCity,04_27_2023,Roseate Spoonbill,1
CypressCity,04_29_2020,Great Blue Heron,24
CypressCity,04_29_2020,Great Egret,225
CypressCity,04_29_2020,Roseate Spoonbill,28
CypressCity,04_29_2020,White Ibis,4
CypressCity,04_29_2020,Wood Stork,12
CypressCity,04_29_2021,Great Blue Heron,24
CypressCity,04_29_2021,Great Egret,192
CypressCity,04_29_2021,Roseate Spoonbill,16
CypressCity,04_29_2021,White Ibis,6
CypressCity,04_29_2021,Wood Stork,13
CypressCity,04_29_2022,Great Blue Heron,3
CypressCity,04_29_2022,Great Egret,52
CypressCity,04_29_2022,Roseate Spoonbill,16
CypressCity,04_29_2022,White Ibis,89
CypressCity,05_05_2022,Great Blue Heron,6
CypressCity,05_05_2022,Great Egret,123
CypressCity,05_05_2022,Roseate Spoonbill,16
CypressCity,05_05_2022,White Ibis,6
CypressCity,05_05_2022,Wood Stork,3
CypressCity,05_25_2022,Great Blue Heron,1
CypressCity,05_25_2022,Great Egret,131
CypressCity,05_25_2022,Roseate Spoonbill,26
CypressCity,05_25_2022,White Ibis,9
CypressCity,05_25_2022,Wood Stork,2
CypressCity,05_29_2020,Great Blue Heron,5
CypressCity,05_29_2020,Great Egret,176
CypressCity,05_29_2020,White Ibis,8
Diana,03_19_2021,Great Egret,195
Diana,03_19_2021,Roseate Spoonbill,2
Diana,03_19_2021,White Ibis,9
Diana,03_19_2021,Wood Stork,6
Enki,03_30_2020,Great Blue Heron,2
Enki,03_30_2020,Great Egret,158
Enki,03_30_2020,White Ibis,16
Enlil,03_26_2021,Great Blue Heron,16
Enlil,03_26_2021,Great Egret,56
Enlil,03_26_2021,White Ibis,58
Enlil,04_27_2020,Great Blue Heron,4
Enlil,04_27_2020,Great Egret,133
Enlil,04_27_2020,Roseate Spoonbill,4
Enlil,04_27_2020,Wood Stork,50
Forseti,02_11_2021,Great Blue Heron,3
Forseti,02_11_2021,Great Egret,39
Forseti,02_11_2021,White Ibis,6
Forseti,02_20_2023,Great Blue Heron,2
Forseti,02_20_2023,Great Egret,98
Forseti,02_20_2023,Wood Stork,3
Forseti,03_06_2023,Great Blue Heron,1
Forseti,03_06_2023,Great Egret,133
Forseti,03_06_2023,Roseate Spoonbill,1
Forseti,03_06_2023,White Ibis,1
Forseti,03_06_2023,Wood Stork,4
Forseti,03_12_2021,Great Blue Heron,5
Forseti,03_12_2021,Great Egret,126
Forseti,03_12_2021,Roseate Spoonbill,1
Forseti,03_12_2021,White Ibis,5
Forseti,03_13_2023,Great Blue Heron,1
Forseti,03_13_2023,Great Egret,109
Forseti,03_13_2023,Roseate Spoonbill,2
Forseti,03_13_2023,White Ibis,2
Forseti,03_13_2023,Wood Stork,1
Forseti,03_20_2023,Great Blue Heron,1
Forseti,03_20_2023,Great Egret,119
Forseti,03_20_2023,White Ibis,3
Forseti,03_20_2023,Wood Stork,2
Forseti,03_27_2023,Great Blue Heron,4
Forseti,03_27_2023,Great Egret,88
Forseti,03_27_2023,Roseate Spoonbill,1
Forseti,03_27_2023,White Ibis,1
Forseti,04_03_2023,Great Blue Heron,7
Forseti,04_03_2023,Great Egret,82
Forseti,04_03_2023,Roseate Spoonbill,2
Forseti,04_03_2023,White Ibis,1
Forseti,04_13_2023,Great Blue Heron,1
Forseti,04_13_2023,Great Egret,46
Forseti,04_13_2023,Roseate Spoonbill,2
Forseti,04_13_2023,White Ibis,4
Forseti,04_18_2023,Great Blue Heron,1
Forseti,04_18_2023,Great Egret,44
Forseti,04_18_2023,White Ibis,1
Forseti,04_24_2023,Great Egret,4
Forseti,04_24_2023,Roseate Spoonbill,4
Forseti,04_27_2020,Great Blue Heron,1
Forseti,04_27_2020,Great Egret,78
Forsetti,03_02_2022,Great Blue Heron,1
Forsetti,03_02_2022,Great Egret,126
Forsetti,04_06_2022,Great Blue Heron,1
Forsetti,04_06_2022,Great Egret,30
Forsetti,04_06_2022,White Ibis,3
Forsetti,04_27_2022,Great Egret,29
Forsetti,04_27_2022,Roseate Spoonbill,2
Frodo,04_27_2020,Great Blue Heron,3
Frodo,04_27_2020,Great Egret,2
Garl,03_26_2021,Great Egret,27
Garl,03_26_2021,Wood Stork,3
Hidden,03_01_2022,Great Blue Heron,3
Hidden,03_01_2022,Great Egret,271
Hidden,03_01_2022,Roseate Spoonbill,20
Hidden,03_01_2022,White Ibis,3
Hidden,03_01_2022,Wood Stork,19
Hidden,03_22_2021,Great Blue Heron,14
Hidden,03_22_2021,Great Egret,1638
Hidden,03_22_2021,Roseate Spoonbill,68
Hidden,03_22_2021,White Ibis,1099
Hidden,03_22_2021,Wood Stork,168
Hidden,03_24_2022,Great Blue Heron,2
Hidden,03_24_2022,Great Egret,185
Hidden,03_24_2022,Roseate Spoonbill,6
Hidden,03_24_2022,White Ibis,1
Hidden,03_24_2022,Wood Stork,2
Hidden,03_29_2022,Great Blue Heron,6
Hidden,03_29_2022,Great Egret,33
Hidden,03_29_2022,Roseate Spoonbill,2
Hidden,03_29_2022,White Ibis,6
Hidden,03_29_2022,Wood Stork,1
Hidden,04_06_2020,Great Egret,77
Hidden,04_06_2020,Roseate Spoonbill,3
Hidden,04_06_2020,White Ibis,1
Hidden,04_06_2020,Wood Stork,3
Hidden,04_09_2021,Great Blue Heron,15
Hidden,04_09_2021,Great Egret,1264
Hidden,04_09_2021,Roseate Spoonbill,144
Hidden,04_09_2021,White Ibis,1330
Hidden,04_09_2021,Wood Stork,854
HiddenLittle,03_24_2022,Great Blue Heron,4
HiddenLittle,03_24_2022,Great Egret,201
HiddenLittle,03_24_2022,Roseate Spoonbill,9
HiddenLittle,03_24_2022,White Ibis,2
HiddenLittle,03_24_2022,Wood Stork,4
HiddenMain,03_16_2023,Great Blue Heron,13
HiddenMain,03_16_2023,Great Egret,554
HiddenMain,03_16_2023,Roseate Spoonbill,26
HiddenMain,03_16_2023,White Ibis,75
HiddenMain,03_16_2023,Wood Stork,18
HiddenThirdIsland,03_16_2023,Great Blue Heron,16
HiddenThirdIsland,03_16_2023,Great Egret,146
HiddenThirdIsland,03_16_2023,Roseate Spoonbill,18
HiddenThirdIsland,03_16_2023,White Ibis,8
HiddenThirdIsland,03_16_2023,Wood Stork,9
Horus,03_13_2023,Great Blue Heron,92
Horus,03_13_2023,Great Egret,635
Horus,03_13_2023,Roseate Spoonbill,7
Horus,03_13_2023,White Ibis,15
Horus,03_13_2023,Wood Stork,18
Horus,03_26_2021,Great Blue Heron,79
Horus,03_26_2021,Great Egret,499
Horus,03_26_2021,Roseate Spoonbill,7
Horus,03_26_2021,White Ibis,6
Horus,04_06_2022,Great Blue Heron,85
Horus,04_06_2022,Great Egret,488
Horus,04_06_2022,Roseate Spoonbill,12
Horus,04_06_2022,White Ibis,8
Horus,04_06_2022,Wood Stork,4
Horus,04_13_2020,Great Blue Heron,91
Horus,04_13_2020,Great Egret,573
Horus,04_13_2020,Roseate Spoonbill,10
Horus,04_13_2020,White Ibis,9
Horus,04_27_2022,Great Blue Heron,93
Horus,04_27_2022,Great Egret,543
Horus,04_27_2022,Roseate Spoonbill,17
Horus,04_27_2022,White Ibis,282
Horus,04_27_2022,Wood Stork,435
Jerrod,02_11_2022,Great Blue Heron,12
Jerrod,02_11_2022,Great Egret,60
Jerrod,02_11_2022,Roseate Spoonbill,4
Jerrod,02_11_2022,White Ibis,1
Jerrod,02_17_2021,Great Blue Heron,14
Jerrod,02_17_2021,Great Egret,163
Jerrod,02_17_2021,White Ibis,6
Jerrod,02_18_2020,Great Blue Heron,12
Jerrod,02_18_2020,Great Egret,40
Jerrod,02_18_2020,White Ibis,1
Jerrod,02_21_2022,Great Blue Heron,16
Jerrod,02_21_2022,Great Egret,73
Jerrod,02_21_2022,White Ibis,5
Jerrod,02_21_2023,Great Egret,52
Jerrod,02_21_2023,White Ibis,28
Jerrod,02_24_2020,Great Blue Heron,16
Jerrod,02_24_2020,Great Egret,59
Jerrod,02_24_2020,White Ibis,2
Jerrod,02_24_2021,Great Blue Heron,11
Jerrod,02_24_2021,Great Egret,177
Jerrod,02_24_2021,Roseate Spoonbill,2
Jerrod,02_24_2021,White Ibis,15
Jerrod,02_28_2022,Great Blue Heron,17
Jerrod,02_28_2022,Great Egret,139
Jerrod,02_28_2022,White Ibis,4
Jerrod,02_28_2022,Wood Stork,2
Jerrod,02_28_2023,Great Blue Heron,5
Jerrod,02_28_2023,Great Egret,54
Jerrod,02_28_2023,Roseate Spoonbill,2
Jerrod,02_28_2023,White Ibis,2
Jerrod,03_03_2020,Great Blue Heron,10
Jerrod,03_03_2020,Great Egret,69
Jerrod,03_03_2020,White Ibis,3
Jerrod,03_03_2021,Great Blue Heron,19
Jerrod,03_03_2021,Great Egret,204
Jerrod,03_03_2021,Roseate Spoonbill,2
Jerrod,03_03_2021,White Ibis,3
Jerrod,03_07_2022,Great Blue Heron,16
Jerrod,03_07_2022,Great Egret,163
Jerrod,03_07_2022,White Ibis,2
Jerrod,03_07_2023,Great Blue Heron,4
Jerrod,03_07_2023,Great Egret,18
Jerrod,03_07_2023,White Ibis,2
Jerrod,03_10_2020,Great Blue Heron,22
Jerrod,03_10_2020,Great Egret,133
Jerrod,03_10_2020,Roseate Spoonbill,1
Jerrod,03_10_2020,White Ibis,7
Jerrod,03_10_2021,Great Blue Heron,25
Jerrod,03_10_2021,Great Egret,175
Jerrod,03_10_2021,White Ibis,3
Jerrod,03_14_2022,Great Blue Heron,16
Jerrod,03_14_2022,Great Egret,166
Jerrod,03_14_2022,White Ibis,3
Jerrod,03_14_2022,Wood Stork,1
Jerrod,03_17_2021,Great Blue Heron,27
Jerrod,03_17_2021,Great Egret,134
Jerrod,03_17_2021,Roseate Spoonbill,5
Jerrod,03_17_2021,White Ibis,8
Jerrod,03_17_2021,Wood Stork,2
Jerrod,03_17_2023,Great Blue Heron,1
Jerrod,03_17_2023,Great Egret,17
Jerrod,03_17_2023,Roseate Spoonbill,4
Jerrod,03_19_2020,Great Blue Heron,20
Jerrod,03_19_2020,Great Egret,155
Jerrod,03_19_2020,Roseate Spoonbill,2
Jerrod,03_19_2020,White Ibis,4
Jerrod,03_21_2022,Great Blue Heron,12
Jerrod,03_21_2022,Great Egret,152
Jerrod,03_21_2022,Roseate Spoonbill,1
Jerrod,03_21_2022,White Ibis,3
Jerrod,03_21_2022,Wood Stork,1
Jerrod,03_22_2023,Great Blue Heron,3
Jerrod,03_22_2023,Great Egret,23
Jerrod,03_22_2023,Roseate Spoonbill,1
Jerrod,03_22_2023,White Ibis,1
Jerrod,03_24_2020,Great Blue Heron,27
Jerrod,03_24_2020,Great Egret,204
Jerrod,03_24_2020,Roseate Spoonbill,2
Jerrod,03_24_2020,White Ibis,1
Jerrod,03_24_2020,Wood Stork,1
Jerrod,03_28_2022,Great Blue Heron,12
Jerrod,03_28_2022,Great Egret,112
Jerrod,03_28_2022,Roseate Spoonbill,2
Jerrod,03_28_2022,White Ibis,2
Jerrod,03_30_2023,Great Blue Heron,3
Jerrod,03_30_2023,Great Egret,15
Jerrod,03_30_2023,Roseate Spoonbill,3
Jerrod,03_30_2023,White Ibis,4
Jerrod,03_31_2020,Great Blue Heron,13
Jerrod,03_31_2020,Great Egret,184
Jerrod,03_31_2020,Roseate Spoonbill,1
Jerrod,03_31_2020,White Ibis,3
Jerrod,03_31_2020,Wood Stork,1
Jerrod,03_31_2021,Great Blue Heron,15
Jerrod,03_31_2021,Great Egret,119
Jerrod,03_31_2021,Roseate Spoonbill,2
Jerrod,03_31_2021,White Ibis,6
Jerrod,04_05_2022,Great Blue Heron,7
Jerrod,04_05_2022,Great Egret,86
Jerrod,04_05_2022,Roseate Spoonbill,1
Jerrod,04_05_2022,White Ibis,5
Jerrod,04_05_2023,Great Blue Heron,1
Jerrod,04_05_2023,Great Egret,10
Jerrod,04_05_2023,Roseate Spoonbill,2
Jerrod,04_05_2023,White Ibis,4
Jerrod,04_07_2020,Great Blue Heron,18
Jerrod,04_07_2020,Great Egret,147
Jerrod,04_07_2020,Roseate Spoonbill,2
Jerrod,04_07_2020,White Ibis,1
Jerrod,04_07_2021,Great Blue Heron,18
Jerrod,04_07_2021,Great Egret,134
Jerrod,04_07_2021,Roseate Spoonbill,3
Jerrod,04_07_2021,White Ibis,2
Jerrod,04_11_2022,Great Blue Heron,13
Jerrod,04_11_2022,Great Egret,82
Jerrod,04_11_2022,Roseate Spoonbill,1
Jerrod,04_11_2022,White Ibis,4
Jerrod,04_14_2020,Great Blue Heron,14
Jerrod,04_14_2020,Great Egret,118
Jerrod,04_14_2020,Roseate Spoonbill,2
Jerrod,04_14_2020,White Ibis,4
Jerrod,04_15_2021,Great Blue Heron,16
Jerrod,04_15_2021,Great Egret,106
Jerrod,04_15_2021,Roseate Spoonbill,12
Jerrod,04_15_2021,White Ibis,2
Jerrod,04_18_2022,Great Blue Heron,12
Jerrod,04_18_2022,Great Egret,168
Jerrod,04_18_2022,Roseate Spoonbill,2
Jerrod,04_18_2022,White Ibis,4
Jerrod,04_18_2022,Wood Stork,3
Jerrod,04_18_2023,Great Blue Heron,3
Jerrod,04_18_2023,Great Egret,19
Jerrod,04_18_2023,Roseate Spoonbill,1
Jerrod,04_21_2020,Great Blue Heron,4
Jerrod,04_21_2020,Great Egret,168
Jerrod,04_21_2020,Roseate Spoonbill,1
Jerrod,04_21_2020,Wood Stork,1
Jerrod,04_21_2021,Great Blue Heron,6
Jerrod,04_21_2021,Great Egret,128
Jerrod,04_21_2021,Roseate Spoonbill,1
Jerrod,04_21_2021,White Ibis,8
Jerrod,04_28_2021,Great Blue Heron,13
Jerrod,04_28_2021,Great Egret,161
Jerrod,04_28_2021,Roseate Spoonbill,2
Jerrod,04_28_2021,White Ibis,1
Jerrod,04_28_2021,Wood Stork,1
Jerrod,05_01_2020,Great Blue Heron,18
Jerrod,05_01_2020,Great Egret,194
Jerrod,05_01_2020,Roseate Spoonbill,11
Jerrod,05_01_2020,White Ibis,2
Jerrod,05_01_2020,Wood Stork,45
Jerrod,05_02_2022,Great Blue Heron,4
Jerrod,05_02_2022,Great Egret,206
Jerrod,05_02_2022,Roseate Spoonbill,3
Jerrod,05_02_2022,White Ibis,54
Jerrod,05_02_2022,Wood Stork,4
Jerrod,05_05_2020,Great Blue Heron,14
Jerrod,05_05_2020,Great Egret,206
Jerrod,05_05_2020,Roseate Spoonbill,2
Jerrod,05_05_2020,Wood Stork,1
Jerrod,05_05_2021,Great Blue Heron,12
Jerrod,05_05_2021,Great Egret,215
Jerrod,05_05_2021,Roseate Spoonbill,7
Jerrod,05_05_2021,White Ibis,1
Jerrod,05_05_2021,Wood Stork,2
Jerrod,05_09_2022,Great Blue Heron,5
Jerrod,05_09_2022,Great Egret,196
Jerrod,05_09_2022,Roseate Spoonbill,6
Jerrod,05_09_2022,White Ibis,37
Jerrod,05_09_2022,Wood Stork,2
Jerrod,05_12_2021,Great Blue Heron,22
Jerrod,05_12_2021,Great Egret,247
Jerrod,05_12_2021,Roseate Spoonbill,4
Jerrod,05_12_2021,White Ibis,2
Jerrod,05_12_2021,Wood Stork,11
Jerrod,05_24_2022,Great Blue Heron,4
Jerrod,05_24_2022,Great Egret,127
Jerrod,05_24_2022,Roseate Spoonbill,10
Jerrod,05_24_2022,White Ibis,15
Jerrod,05_29_2020,Great Blue Heron,6
Jerrod,05_29_2020,Great Egret,93
Jerrod,05_29_2020,Roseate Spoonbill,5
Jerrod,05_29_2020,White Ibis,4
Jerrod,05_29_2020,Wood Stork,1
JetportNew,03_09_2022,Great Blue Heron,27
JetportNew,03_09_2022,Great Egret,376
JetportNew,03_09_2022,Roseate Spoonbill,15
JetportNew,03_09_2022,White Ibis,10
JetportNew,03_09_2022,Wood Stork,104
JetportNew,03_16_2022,Great Blue Heron,1
JetportNew,03_16_2022,Great Egret,392
JetportNew,03_16_2022,Roseate Spoonbill,32
JetportNew,03_16_2022,White Ibis,48
JetportNew,03_16_2022,Wood Stork,59
JetportNew,03_24_2022,Great Blue Heron,13
JetportNew,03_24_2022,Great Egret,209
JetportNew,03_24_2022,Roseate Spoonbill,12
JetportNew,03_24_2022,White Ibis,10
JetportNew,03_24_2022,Wood Stork,61
JetportNew,03_29_2022,Great Blue Heron,15
JetportNew,03_29_2022,Great Egret,173
JetportNew,03_29_2022,Roseate Spoonbill,16
JetportNew,03_29_2022,White Ibis,11
JetportNew,03_29_2022,Wood Stork,71
JetportNew,04_09_2021,Great Blue Heron,19
JetportNew,04_09_2021,Great Egret,224
JetportNew,04_09_2021,Roseate Spoonbill,13
JetportNew,04_09_2021,White Ibis,14
JetportNew,04_09_2021,Wood Stork,56
JetportNew,04_12_2022,Great Blue Heron,4
JetportNew,04_12_2022,Great Egret,101
JetportNew,04_12_2022,Roseate Spoonbill,9
JetportNew,04_12_2022,White Ibis,3
JetportNew,04_12_2022,Wood Stork,18
JetportNew,04_19_2022,Great Blue Heron,6
JetportNew,04_19_2022,Great Egret,123
JetportNew,04_19_2022,Roseate Spoonbill,17
JetportNew,04_19_2022,White Ibis,4
JetportNew,04_19_2022,Wood Stork,11
JetportSouth,02_15_2021,Great Blue Heron,25
JetportSouth,02_15_2021,Great Egret,505
JetportSouth,02_15_2021,Roseate Spoonbill,15
JetportSouth,02_15_2021,White Ibis,34
JetportSouth,02_15_2021,Wood Stork,76
JetportSouth,02_15_2022,Great Blue Heron,5
JetportSouth,02_15_2022,Great Egret,59
JetportSouth,02_15_2022,Roseate Spoonbill,10
JetportSouth,02_15_2022,White Ibis,30
JetportSouth,02_22_2021,Great Blue Heron,10
JetportSouth,02_22_2021,Great Egret,514
JetportSouth,02_22_2021,Roseate Spoonbill,17
JetportSouth,02_22_2021,White Ibis,20
JetportSouth,02_22_2021,Wood Stork,52
JetportSouth,02_23_2022,Great Blue Heron,6
JetportSouth,02_23_2022,Great Egret,176
JetportSouth,02_23_2022,Roseate Spoonbill,15
JetportSouth,02_23_2022,Snowy Egret,1
JetportSouth,02_23_2022,White Ibis,19
JetportSouth,02_23_2022,Wood Stork,3
JetportSouth,03_01_2021,Great Blue Heron,22
JetportSouth,03_01_2021,Great Egret,557
JetportSouth,03_01_2021,Roseate Spoonbill,24
JetportSouth,03_01_2021,White Ibis,19
JetportSouth,03_01_2021,Wood Stork,116
JetportSouth,03_01_2022,Great Blue Heron,3
JetportSouth,03_01_2022,Great Egret,160
JetportSouth,03_01_2022,Roseate Spoonbill,8
JetportSouth,03_01_2022,Snowy Egret,1
JetportSouth,03_01_2022,White Ibis,35
JetportSouth,03_01_2022,Wood Stork,3
JetportSouth,03_02_2023,Great Blue Heron,25
JetportSouth,03_02_2023,Great Egret,408
JetportSouth,03_02_2023,Roseate Spoonbill,34
JetportSouth,03_02_2023,White Ibis,71
JetportSouth,03_02_2023,Wood Stork,112
JetportSouth,03_08_2021,Great Blue Heron,23
JetportSouth,03_08_2021,Great Egret,599
JetportSouth,03_08_2021,Roseate Spoonbill,35
JetportSouth,03_08_2021,White Ibis,42
JetportSouth,03_08_2021,Wood Stork,76
JetportSouth,03_09_2020,Great Blue Heron,11
JetportSouth,03_09_2020,Great Egret,113
JetportSouth,03_09_2020,Roseate Spoonbill,25
JetportSouth,03_09_2020,White Ibis,4
JetportSouth,03_09_2020,Wood Stork,30
JetportSouth,03_09_2022,Great Blue Heron,7
JetportSouth,03_09_2022,Great Egret,169
JetportSouth,03_09_2022,Roseate Spoonbill,6
JetportSouth,03_09_2022,White Ibis,34
JetportSouth,03_09_2022,Wood Stork,6
JetportSouth,03_10_2023,Great Blue Heron,56
JetportSouth,03_10_2023,Great Egret,531
JetportSouth,03_10_2023,Roseate Spoonbill,48
JetportSouth,03_10_2023,White Ibis,76
JetportSouth,03_10_2023,Wood Stork,282
JetportSouth,03_15_2021,Great Blue Heron,12
JetportSouth,03_15_2021,Great Egret,716
JetportSouth,03_15_2021,Roseate Spoonbill,22
JetportSouth,03_15_2021,White Ibis,87
JetportSouth,03_15_2021,Wood Stork,181
JetportSouth,03_16_2020,Great Blue Heron,7
JetportSouth,03_16_2020,Great Egret,220
JetportSouth,03_16_2020,Roseate Spoonbill,27
JetportSouth,03_16_2020,White Ibis,3
JetportSouth,03_16_2020,Wood Stork,82
JetportSouth,03_16_2022,Great Egret,121
JetportSouth,03_16_2022,Roseate Spoonbill,6
JetportSouth,03_16_2022,White Ibis,45
JetportSouth,03_16_2023,Great Blue Heron,46
JetportSouth,03_16_2023,Great Egret,564
JetportSouth,03_16_2023,Roseate Spoonbill,45
JetportSouth,03_16_2023,Snowy Egret,1
JetportSouth,03_16_2023,White Ibis,88
JetportSouth,03_16_2023,Wood Stork,281
JetportSouth,03_22_2021,Great Blue Heron,16
JetportSouth,03_22_2021,Great Egret,692
JetportSouth,03_22_2021,Roseate Spoonbill,31
JetportSouth,03_22_2021,White Ibis,107
JetportSouth,03_22_2021,Wood Stork,289
JetportSouth,03_23_2020,Great Blue Heron,11
JetportSouth,03_23_2020,Great Egret,293
JetportSouth,03_23_2020,Roseate Spoonbill,34
JetportSouth,03_23_2020,White Ibis,43
JetportSouth,03_23_2020,Wood Stork,142
JetportSouth,03_23_2023,Great Blue Heron,20
JetportSouth,03_23_2023,Great Egret,407
JetportSouth,03_23_2023,Roseate Spoonbill,55
JetportSouth,03_23_2023,White Ibis,144
JetportSouth,03_23_2023,Wood Stork,264
JetportSouth,03_24_2022,Great Blue Heron,3
JetportSouth,03_24_2022,Great Egret,79
JetportSouth,03_24_2022,Roseate Spoonbill,8
JetportSouth,03_24_2022,Snowy Egret,1
JetportSouth,03_24_2022,White Ibis,28
JetportSouth,03_24_2022,Wood Stork,2
JetportSouth,03_29_2021,Great Blue Heron,13
JetportSouth,03_29_2021,Great Egret,731
JetportSouth,03_29_2021,Roseate Spoonbill,32
JetportSouth,03_29_2021,White Ibis,55
JetportSouth,03_29_2021,Wood Stork,338
JetportSouth,03_29_2022,Great Blue Heron,2
JetportSouth,03_29_2022,Great Egret,77
JetportSouth,03_29_2022,Roseate Spoonbill,12
JetportSouth,03_29_2022,White Ibis,46
JetportSouth,03_30_2020,Great Blue Heron,11
JetportSouth,03_30_2020,Great Egret,310
JetportSouth,03_30_2020,Roseate Spoonbill,17
JetportSouth,03_30_2020,White Ibis,44
JetportSouth,03_30_2020,Wood Stork,146
JetportSouth,04_05_2021,Great Blue Heron,36
JetportSouth,04_05_2021,Great Egret,717
JetportSouth,04_05_2021,Roseate Spoonbill,25
JetportSouth,04_05_2021,White Ibis,76
JetportSouth,04_05_2021,Wood Stork,516
JetportSouth,04_07_2020,Great Blue Heron,2
JetportSouth,04_07_2020,Great Egret,244
JetportSouth,04_07_2020,Roseate Spoonbill,23
JetportSouth,04_07_2020,White Ibis,19
JetportSouth,04_07_2020,Wood Stork,95
JetportSouth,04_13_2021,Great Blue Heron,16
JetportSouth,04_13_2021,Great Egret,881
JetportSouth,04_13_2021,Roseate Spoonbill,26
JetportSouth,04_13_2021,White Ibis,40
JetportSouth,04_13_2021,Wood Stork,360
JetportSouth,04_20_2020,Great Blue Heron,5
JetportSouth,04_20_2020,Great Egret,232
JetportSouth,04_20_2020,Roseate Spoonbill,23
JetportSouth,04_20_2020,White Ibis,6
JetportSouth,04_20_2020,Wood Stork,81
JetportSouth,04_26_2021,Great Blue Heron,33
JetportSouth,04_26_2021,Great Egret,771
JetportSouth,04_26_2021,Roseate Spoonbill,39
JetportSouth,04_26_2021,White Ibis,36
JetportSouth,04_26_2021,Wood Stork,444
JetportSouth,04_26_2023,Great Blue Heron,6
JetportSouth,04_26_2023,Great Egret,227
JetportSouth,04_26_2023,Roseate Spoonbill,33
JetportSouth,04_26_2023,White Ibis,53
JetportSouth,04_26_2023,Wood Stork,27
JetportSouth,04_28_2020,Great Blue Heron,5
JetportSouth,04_28_2020,Great Egret,182
JetportSouth,04_28_2020,Roseate Spoonbill,9
JetportSouth,04_28_2020,White Ibis,8
JetportSouth,04_28_2020,Wood Stork,91
JetportSouth,05_04_2020,Great Blue Heron,1
JetportSouth,05_04_2020,Great Egret,137
JetportSouth,05_04_2020,Roseate Spoonbill,13
JetportSouth,05_04_2020,White Ibis,7
JetportSouth,05_04_2020,Wood Stork,66
JetportSouth,05_12_2021,Great Blue Heron,16
JetportSouth,05_12_2021,Great Egret,1262
JetportSouth,05_12_2021,Roseate Spoonbill,81
JetportSouth,05_12_2021,White Ibis,109
JetportSouth,05_12_2021,Wood Stork,290
JetportSouth,05_17_2021,Great Blue Heron,55
JetportSouth,05_17_2021,Great Egret,1035
JetportSouth,05_17_2021,Roseate Spoonbill,99
JetportSouth,05_17_2021,White Ibis,84
JetportSouth,05_17_2021,Wood Stork,358
JetportSouth,05_25_2021,Great Blue Heron,41
JetportSouth,05_25_2021,Great Egret,734
JetportSouth,05_25_2021,Roseate Spoonbill,59
JetportSouth,05_25_2021,White Ibis,77
JetportSouth,05_25_2021,Wood Stork,414
JetportSouth,05_28_2020,Great Blue Heron,16
JetportSouth,05_28_2020,Great Egret,305
JetportSouth,05_28_2020,Roseate Spoonbill,24
JetportSouth,05_28_2020,White Ibis,31
JetportSouth,05_28_2020,Wood Stork,34
JetportSouth,05_31_2021,Great Blue Heron,35
JetportSouth,05_31_2021,Great Egret,692
JetportSouth,05_31_2021,Roseate Spoonbill,51
JetportSouth,05_31_2021,White Ibis,66
JetportSouth,05_31_2021,Wood Stork,550
JetportSouth,06_04_2020,Great Blue Heron,3
JetportSouth,06_04_2020,Great Egret,142
JetportSouth,06_04_2020,Roseate Spoonbill,1
JetportSouth,06_04_2020,White Ibis,2
JetportSouth,06_04_2020,Wood Stork,10
JetportSouth,06_07_2021,Great Blue Heron,30
JetportSouth,06_07_2021,Great Egret,766
JetportSouth,06_07_2021,Roseate Spoonbill,48
JetportSouth,06_07_2021,Snowy Egret,1
JetportSouth,06_07_2021,White Ibis,85
JetportSouth,06_07_2021,Wood Stork,487
JetportSouth,06_12_2020,Great Blue Heron,4
JetportSouth,06_12_2020,Great Egret,109
JetportSouth,06_12_2020,Roseate Spoonbill,4
JetportSouth,06_12_2020,White Ibis,4
JetportSouth,06_12_2020,Wood Stork,1
JetportSouth,06_18_2020,Great Blue Heron,4
JetportSouth,06_18_2020,Great Egret,75
JetportSouth,06_18_2020,Roseate Spoonbill,2
JetportSouth,06_18_2020,White Ibis,5
JetportSouth,06_18_2020,Wood Stork,4
JetportSouth,06_20_2021,Great Blue Heron,20
JetportSouth,06_20_2021,Great Egret,556
JetportSouth,06_20_2021,Roseate Spoonbill,31
JetportSouth,06_20_2021,White Ibis,79
JetportSouth,06_20_2021,Wood Stork,190
JetportSouth,06_27_2021,Great Blue Heron,19
JetportSouth,06_27_2021,Great Egret,452
JetportSouth,06_27_2021,Roseate Spoonbill,16
JetportSouth,06_27_2021,White Ibis,54
JetportSouth,06_27_2021,Wood Stork,58
JetportSouthEI,03_09_2022,Great Egret,8
JetportSouthEI,03_16_2022,Great Blue Heron,1
JetportSouthEI,03_16_2022,Great Egret,18
JetportSouthEI,03_16_2022,Roseate Spoonbill,2
JetportSouthEI,03_16_2022,White Ibis,9
Joule,02_11_2022,Great Blue Heron,1
Joule,02_11_2022,Great Egret,118
Joule,02_11_2022,Roseate Spoonbill,1
Joule,02_11_2022,White Ibis,4
Joule,02_17_2021,Great Blue Heron,1
Joule,02_17_2021,Great Egret,203
Joule,02_17_2021,Roseate Spoonbill,1
Joule,02_17_2021,White Ibis,2
Joule,02_17_2021,Wood Stork,3
Joule,02_21_2022,Great Blue Heron,4
Joule,02_21_2022,Great Egret,230
Joule,02_21_2022,White Ibis,2
Joule,02_21_2022,Wood Stork,2
Joule,02_21_2023,Great Blue Heron,2
Joule,02_21_2023,Great Egret,107
Joule,02_21_2023,Roseate Spoonbill,2
Joule,02_21_2023,White Ibis,6
Joule,02_24_2020,Great Egret,145
Joule,02_24_2020,Roseate Spoonbill,12
Joule,02_24_2020,White Ibis,3
Joule,02_24_2021,Great Blue Heron,5
Joule,02_24_2021,Great Egret,293
Joule,02_24_2021,Roseate Spoonbill,1
Joule,02_24_2021,White Ibis,3
Joule,02_24_2021,Wood Stork,11
Joule,02_28_2022,Great Blue Heron,7
Joule,02_28_2022,Great Egret,186
Joule,02_28_2022,Roseate Spoonbill,5
Joule,02_28_2022,White Ibis,2
Joule,02_28_2023,Great Blue Heron,2
Joule,02_28_2023,Great Egret,174
Joule,02_28_2023,Roseate Spoonbill,1
Joule,02_28_2023,White Ibis,17
Joule,02_28_2023,Wood Stork,1
Joule,03_03_2020,Great Blue Heron,1
Joule,03_03_2020,Great Egret,201
Joule,03_03_2020,Roseate Spoonbill,20
Joule,03_03_2020,White Ibis,4
Joule,03_03_2021,Great Blue Heron,8
Joule,03_03_2021,Great Egret,180
Joule,03_03_2021,Roseate Spoonbill,9
Joule,03_03_2021,White Ibis,1
Joule,03_03_2021,Wood Stork,1
Joule,03_07_2022,Great Blue Heron,2
Joule,03_07_2022,Great Egret,164
Joule,03_07_2022,Roseate Spoonbill,1
Joule,03_07_2022,White Ibis,4
Joule,03_07_2023,Great Blue Heron,4
Joule,03_07_2023,Great Egret,142
Joule,03_07_2023,Roseate Spoonbill,3
Joule,03_07_2023,White Ibis,7
Joule,03_10_2020,Great Blue Heron,2
Joule,03_10_2020,Great Egret,151
Joule,03_10_2020,Roseate Spoonbill,1
Joule,03_10_2020,White Ibis,3
Joule,03_12_2021,Great Blue Heron,3
Joule,03_12_2021,Great Egret,134
Joule,03_12_2021,Roseate Spoonbill,2
Joule,03_12_2021,White Ibis,3
Joule,03_14_2022,Great Blue Heron,1
Joule,03_14_2022,Great Egret,130
Joule,03_14_2022,Roseate Spoonbill,16
Joule,03_17_2021,Great Blue Heron,7
Joule,03_17_2021,Great Egret,126
Joule,03_17_2021,White Ibis,9
Joule,03_17_2023,Great Blue Heron,2
Joule,03_17_2023,Great Egret,121
Joule,03_17_2023,Roseate Spoonbill,3
Joule,03_17_2023,White Ibis,30
Joule,03_19_2020,Great Blue Heron,3
Joule,03_19_2020,Great Egret,365
Joule,03_19_2020,Roseate Spoonbill,39
Joule,03_19_2020,White Ibis,2
Joule,03_19_2020,Wood Stork,23
Joule,03_22_2023,Great Blue Heron,3
Joule,03_22_2023,Great Egret,94
Joule,03_22_2023,Roseate Spoonbill,2
Joule,03_22_2023,White Ibis,39
Joule,03_24_2020,Great Blue Heron,2
Joule,03_24_2020,Great Egret,342
Joule,03_24_2020,White Ibis,1
Joule,03_24_2020,Wood Stork,4
Joule,03_24_2021,Great Blue Heron,12
Joule,03_24_2021,Great Egret,129
Joule,03_24_2021,Roseate Spoonbill,2
Joule,03_24_2021,White Ibis,43
Joule,03_24_2021,Wood Stork,1
Joule,03_30_2023,Great Blue Heron,2
Joule,03_30_2023,Great Egret,61
Joule,03_30_2023,Roseate Spoonbill,1
Joule,03_30_2023,White Ibis,5
Joule,03_31_2020,Great Blue Heron,1
Joule,03_31_2020,Great Egret,304
Joule,03_31_2020,Roseate Spoonbill,7
Joule,03_31_2020,White Ibis,2
Joule,03_31_2020,Wood Stork,11
Joule,03_31_2021,Great Blue Heron,6
Joule,03_31_2021,Great Egret,98
Joule,03_31_2021,Roseate Spoonbill,3
Joule,03_31_2021,White Ibis,27
Joule,03_31_2021,Wood Stork,2
Joule,04_05_2023,Great Blue Heron,2
Joule,04_05_2023,Great Egret,23
Joule,04_05_2023,Roseate Spoonbill,4
Joule,04_05_2023,White Ibis,18
Joule,04_07_2020,Great Blue Heron,4
Joule,04_07_2020,Great Egret,270
Joule,04_07_2020,Roseate Spoonbill,4
Joule,04_07_2020,White Ibis,1
Joule,04_07_2020,Wood Stork,48
Joule,04_07_2021,Great Blue Heron,22
Joule,04_07_2021,Great Egret,145
Joule,04_07_2021,Roseate Spoonbill,3
Joule,04_07_2021,White Ibis,27
Joule,04_11_2022,Great Blue Heron,2
Joule,04_11_2022,Great Egret,91
Joule,04_11_2022,Roseate Spoonbill,9
Joule,04_11_2022,White Ibis,6
Joule,04_11_2022,Wood Stork,1
Joule,04_14_2020,Great Egret,225
Joule,04_14_2020,White Ibis,2
Joule,04_15_2021,Great Blue Heron,16
Joule,04_15_2021,Great Egret,96
Joule,04_15_2021,Roseate Spoonbill,1
Joule,04_15_2021,White Ibis,60
Joule,04_15_2021,Wood Stork,1
Joule,04_18_2022,Great Blue Heron,5
Joule,04_18_2022,Great Egret,71
Joule,04_18_2022,Roseate Spoonbill,5
Joule,04_18_2022,White Ibis,2
Joule,04_18_2023,Great Blue Heron,2
Joule,04_18_2023,Great Egret,19
Joule,04_18_2023,Roseate Spoonbill,5
Joule,04_18_2023,White Ibis,3
Joule,04_21_2020,Great Blue Heron,2
Joule,04_21_2020,Great Egret,145
Joule,04_28_2021,Great Blue Heron,7
Joule,04_28_2021,Great Egret,184
Joule,04_28_2021,Roseate Spoonbill,4
Joule,04_28_2021,White Ibis,98
Joule,04_28_2021,Wood Stork,11
Joule,05_05_2020,Great Blue Heron,3
Joule,05_05_2020,Great Egret,161
Joule,05_05_2020,Roseate Spoonbill,4
Joule,05_05_2020,White Ibis,2
Joule,05_05_2020,Wood Stork,2
Joule,05_05_2021,Great Blue Heron,7
Joule,05_05_2021,Great Egret,228
Joule,05_05_2021,Roseate Spoonbill,5
Joule,05_05_2021,White Ibis,4
Joule,05_05_2021,Wood Stork,5
Joule,05_09_2022,Great Blue Heron,4
Joule,05_09_2022,Great Egret,98
Joule,05_09_2022,Roseate Spoonbill,4
Joule,05_09_2022,White Ibis,1
Joule,05_09_2022,Wood Stork,1
Joule,05_12_2021,Great Blue Heron,6
Joule,05_12_2021,Great Egret,248
Joule,05_12_2021,Roseate Spoonbill,5
Joule,05_12_2021,Wood Stork,10
Joule,05_29_2020,Great Egret,135
Joule,05_29_2020,Roseate Spoonbill,1
Jupiter,02_28_2022,Great Blue Heron,16
Jupiter,02_28_2022,Great Egret,193
Jupiter,02_28_2022,Roseate Spoonbill,4
Jupiter,02_28_2022,Wood Stork,1
Jupiter,03_28_2022,Great Blue Heron,37
Jupiter,03_28_2022,Great Egret,306
Jupiter,03_28_2022,Roseate Spoonbill,2
Jupiter,03_28_2022,White Ibis,3
Jupiter,03_28_2022,Wood Stork,1
Jupiter,04_15_2020,Great Blue Heron,14
Jupiter,04_15_2020,Great Egret,115
Jupiter,04_15_2020,Roseate Spoonbill,5
Jupiter,04_26_2022,Great Blue Heron,3
Jupiter,04_26_2022,Great Egret,299
Jupiter,04_26_2022,Roseate Spoonbill,19
Jupiter,04_26_2022,White Ibis,28
Jupiter,04_26_2022,Wood Stork,1
Jupiter,04_28_2021,Great Blue Heron,24
Jupiter,04_28_2021,Great Egret,211
Jupiter,04_28_2021,Roseate Spoonbill,1
Jupiter,04_28_2021,White Ibis,5
Jupiter,04_28_2021,Wood Stork,1
Jupiter,05_02_2022,Great Blue Heron,20
Jupiter,05_02_2022,Great Egret,269
Jupiter,05_02_2022,Roseate Spoonbill,11
Jupiter,05_02_2022,White Ibis,3
Jupiter,05_02_2022,Wood Stork,18
Kidlow,04_28_2021,Great Blue Heron,21
Kidlow,04_28_2021,Great Egret,124
Kidlow,04_28_2021,Roseate Spoonbill,2
Kidlow,04_28_2021,White Ibis,4
Kidlow,04_28_2021,Wood Stork,3
Kinich,04_22_2021,Great Blue Heron,20
Kinich,04_22_2021,Great Egret,55
Kinich,04_22_2021,Roseate Spoonbill,3
Kinich,04_22_2021,White Ibis,3
Kinich,04_22_2021,Wood Stork,2
LittleD,03_17_2023,Great Blue Heron,4
LittleD,03_17_2023,Great Egret,136
LittleD,03_17_2023,Roseate Spoonbill,2
LittleD,03_17_2023,White Ibis,4
LittleD,03_17_2023,Wood Stork,5
LittleD,03_26_2021,Great Blue Heron,2
LittleD,03_26_2021,Great Egret,36
LittleD,03_26_2021,White Ibis,4
LittleD,03_26_2021,Wood Stork,1
LittleD,04_27_2020,Great Egret,10
LittleD,04_27_2020,Roseate Spoonbill,1
Nanse,03_04_2022,Great Blue Heron,33
Nanse,03_04_2022,Great Egret,342
Nanse,03_04_2022,Roseate Spoonbill,12
Nanse,03_04_2022,White Ibis,11
Nanse,03_25_2021,Great Blue Heron,23
Nanse,03_25_2021,Great Egret,401
Nanse,03_25_2021,Roseate Spoonbill,3
Nanse,03_25_2021,White Ibis,20
Nanse,03_25_2021,Wood Stork,1
Nanse,04_01_2022,Great Blue Heron,36
Nanse,04_01_2022,Great Egret,713
Nanse,04_01_2022,Roseate Spoonbill,112
Nanse,04_01_2022,White Ibis,27
Nanse,04_01_2022,Wood Stork,4
Nanse,04_08_2020,Great Blue Heron,26
Nanse,04_08_2020,Great Egret,651
Nanse,04_08_2020,Roseate Spoonbill,40
Nanse,04_08_2020,White Ibis,81
Nanse,04_08_2020,Wood Stork,2
Nanse,04_29_2022,Great Blue Heron,27
Nanse,04_29_2022,Great Egret,901
Nanse,04_29_2022,Roseate Spoonbill,76
Nanse,04_29_2022,White Ibis,221
Nanse,04_29_2022,Wood Stork,2
Nanse,05_05_2022,Great Blue Heron,35
Nanse,05_05_2022,Great Egret,685
Nanse,05_05_2022,Roseate Spoonbill,58
Nanse,05_05_2022,White Ibis,175
Nanse,05_05_2022,Wood Stork,2
Rhea,04_14_2021,Great Blue Heron,30
Rhea,04_14_2021,Great Egret,673
Rhea,04_14_2021,Roseate Spoonbill,24
Rhea,04_14_2021,Snowy Egret,1
Rhea,04_14_2021,White Ibis,62
Rhea,04_14_2021,Wood Stork,2
SawgrassFord,01_01_2021,Great Blue Heron,1
SawgrassFord,01_01_2021,Great Egret,100
SawgrassFord,01_01_2021,Roseate Spoonbill,2
SawgrassFord,01_01_2021,White Ibis,1
SawgrassFord,01_01_2021,Wood Stork,208
Shamash,04_29_2021,Great Blue Heron,3
Shamash,04_29_2021,Great Egret,199
Shamash,04_29_2021,Roseate Spoonbill,14
Shamash,04_29_2021,White Ibis,3
Shamash,04_29_2021,Wood Stork,1
SouthwestRanches,04_19_2021,Great Blue Heron,1
SouthwestRanches,04_19_2021,Great Egret,13
SouthwestRanches,04_19_2021,Roseate Spoonbill,10
SouthwestRanches,04_19_2021,White Ibis,9
SouthwestRanches,04_19_2021,Wood Stork,96
StartMel,02_11_2021,Great Blue Heron,1
StartMel,02_11_2021,Great Egret,2
StartMel,02_11_2021,White Ibis,1
StartMel,02_11_2022,Great Egret,35
StartMel,02_11_2022,White Ibis,3
StartMel,02_17_2020,Great Blue Heron,2
StartMel,02_17_2020,Great Egret,42
StartMel,02_17_2020,Roseate Spoonbill,1
StartMel,02_17_2020,White Ibis,2
StartMel,02_22_2022,Great Blue Heron,1
StartMel,02_22_2022,Great Egret,134
StartMel,02_22_2022,White Ibis,1
StartMel,02_22_2022,Wood Stork,4
StartMel,02_24_2021,Great Blue Heron,2
StartMel,02_24_2021,Great Egret,29
StartMel,02_24_2021,Roseate Spoonbill,1
StartMel,02_24_2021,White Ibis,10
StartMel,02_25_2020,Great Egret,43
StartMel,02_25_2020,Wood Stork,4
StartMel,02_27_2023,Great Blue Heron,1
StartMel,02_27_2023,Great Egret,3
StartMel,02_27_2023,Roseate Spoonbill,2
StartMel,02_27_2023,White Ibis,9
StartMel,03_02_2022,Great Blue Heron,2
StartMel,03_02_2022,Great Egret,11
StartMel,03_03_2021,Great Blue Heron,6
StartMel,03_03_2021,Great Egret,48
StartMel,03_03_2021,Roseate Spoonbill,3
StartMel,03_03_2021,White Ibis,17
StartMel,03_03_2021,Wood Stork,1
StartMel,03_04_2020,Great Blue Heron,1
StartMel,03_04_2020,Great Egret,109
StartMel,03_04_2020,White Ibis,2
StartMel,03_08_2022,Great Blue Heron,1
StartMel,03_08_2022,Great Egret,51
StartMel,03_08_2022,Roseate Spoonbill,2
StartMel,03_08_2022,White Ibis,8
StartMel,03_12_2020,Great Blue Heron,3
StartMel,03_12_2020,Great Egret,169
StartMel,03_12_2020,Roseate Spoonbill,2
StartMel,03_12_2021,Great Blue Heron,3
StartMel,03_12_2021,Great Egret,47
StartMel,03_12_2021,Roseate Spoonbill,1
StartMel,03_12_2021,White Ibis,9
StartMel,03_15_2022,Great Egret,128
StartMel,03_15_2022,Roseate Spoonbill,1
StartMel,03_15_2022,White Ibis,6
StartMel,03_17_2021,Great Blue Heron,2
StartMel,03_17_2021,Great Egret,58
StartMel,03_17_2021,White Ibis,27
StartMel,03_19_2020,Great Blue Heron,8
StartMel,03_19_2020,Great Egret,94
StartMel,03_22_2022,Great Blue Heron,1
StartMel,03_22_2022,Great Egret,58
StartMel,03_22_2022,Roseate Spoonbill,2
StartMel,03_22_2022,White Ibis,1
StartMel,03_24_2020,Great Blue Heron,2
StartMel,03_24_2020,Great Egret,136
StartMel,03_24_2021,Great Blue Heron,4
StartMel,03_24_2021,Great Egret,121
StartMel,03_24_2021,Roseate Spoonbill,1
StartMel,03_24_2021,White Ibis,35
StartMel,03_30_2022,Great Egret,37
StartMel,03_31_2021,Great Blue Heron,4
StartMel,03_31_2021,Great Egret,112
StartMel,03_31_2021,Roseate Spoonbill,1
StartMel,03_31_2021,White Ibis,9
StartMel,04_03_2020,Great Blue Heron,7
StartMel,04_03_2020,Great Egret,82
StartMel,04_03_2020,Roseate Spoonbill,1
StartMel,04_06_2022,Great Egret,23
StartMel,04_06_2022,Roseate Spoonbill,2
StartMel,04_07_2021,Great Blue Heron,5
StartMel,04_07_2021,Great Egret,106
StartMel,04_07_2021,Roseate Spoonbill,3
StartMel,04_07_2021,Wood Stork,2
StartMel,04_09_2020,Great Blue Heron,6
StartMel,04_09_2020,Great Egret,173
StartMel,04_13_2022,Great Egret,24
StartMel,04_13_2022,White Ibis,3
StartMel,04_15_2021,Great Blue Heron,4
StartMel,04_15_2021,Great Egret,85
StartMel,04_15_2021,White Ibis,34
StartMel,04_16_2020,Great Blue Heron,3
StartMel,04_16_2020,Great Egret,115
StartMel,04_20_2022,Great Egret,29
StartMel,04_20_2022,Roseate Spoonbill,2
StartMel,04_20_2022,White Ibis,1
StartMel,04_21_2021,Great Egret,80
StartMel,04_21_2021,White Ibis,7
StartMel,04_23_2020,Great Blue Heron,1
StartMel,04_23_2020,Great Egret,121
StartMel,04_23_2020,Roseate Spoonbill,2
StartMel,04_23_2020,Wood Stork,3
StartMel,04_28_2021,Great Blue Heron,1
StartMel,04_28_2021,Great Egret,92
StartMel,04_28_2021,White Ibis,6
StartMel,04_28_2021,Wood Stork,1
StartMel,04_30_2020,Great Blue Heron,1
StartMel,04_30_2020,Great Egret,103
StartMel,04_30_2020,Roseate Spoonbill,2
StartMel,05_04_2022,Great Egret,19
StartMel,05_04_2022,Roseate Spoonbill,1
StartMel,05_04_2022,White Ibis,1
StartMel,05_05_2021,Great Blue Heron,3
StartMel,05_05_2021,Great Egret,76
StartMel,05_05_2021,Roseate Spoonbill,2
StartMel,05_05_2021,White Ibis,2
StartMel,05_07_2020,Great Blue Heron,1
StartMel,05_07_2020,Great Egret,136
StartMel,05_07_2020,Roseate Spoonbill,6
StartMel,05_07_2020,Wood Stork,3
StartMel,05_12_2021,Great Blue Heron,3
StartMel,05_12_2021,Great Egret,81
StartMel,05_12_2021,Roseate Spoonbill,1
StartMel,05_12_2021,White Ibis,1
StartMel,05_13_2022,Great Blue Heron,1
StartMel,05_13_2022,Great Egret,11
StartMel,05_13_2022,Roseate Spoonbill,2
StartMel,05_19_2020,Great Blue Heron,1
StartMel,05_19_2020,Great Egret,137
StartMel,05_19_2020,White Ibis,1
StartMel,05_19_2021,Great Blue Heron,3
StartMel,05_19_2021,Great Egret,103
StartMel,05_19_2021,Roseate Spoonbill,2
StartMel,05_19_2021,White Ibis,3
StartMel,05_19_2021,Wood Stork,3
StartMel,05_19_2022,Great Blue Heron,1
StartMel,05_19_2022,Great Egret,7
StartMel,05_24_2021,Great Blue Heron,6
StartMel,05_24_2021,Great Egret,196
StartMel,05_24_2021,Roseate Spoonbill,6
StartMel,05_24_2021,White Ibis,1
StartMel,05_24_2021,Wood Stork,18
StartMel,05_26_2022,Great Blue Heron,1
StartMel,05_26_2022,Great Egret,14
StartMel,05_26_2022,Roseate Spoonbill,2
StartMel,05_26_2022,White Ibis,2
StartMel,05_29_2020,Great Blue Heron,1
StartMel,05_29_2020,Great Egret,76
StartMel,05_29_2020,Roseate Spoonbill,4
StartMel,05_29_2020,White Ibis,2
StartMel,05_29_2020,Wood Stork,1
StartMel,06_01_2022,Great Egret,8
StartMel,06_01_2022,Roseate Spoonbill,2
StartMel,06_01_2022,White Ibis,1
Vacation,02_11_2021,Great Blue Heron,5
Vacation,02_11_2021,Great Egret,20
Vacation,02_11_2021,Roseate Spoonbill,1
Vacation,02_11_2021,White Ibis,2
Vacation,02_11_2021,Wood Stork,2
Vacation,02_11_2022,Great Blue Heron,6
Vacation,02_11_2022,Great Egret,40
Vacation,02_11_2022,Roseate Spoonbill,1
Vacation,02_11_2022,White Ibis,2
Vacation,02_17_2020,Great Blue Heron,6
Vacation,02_17_2020,Great Egret,28
Vacation,02_17_2020,Roseate Spoonbill,3
Vacation,02_17_2020,White Ibis,3
Vacation,02_17_2020,Wood Stork,1
Vacation,02_20_2023,Great Blue Heron,9
Vacation,02_20_2023,Great Egret,118
Vacation,02_20_2023,Roseate Spoonbill,2
Vacation,02_20_2023,White Ibis,2
Vacation,02_20_2023,Wood Stork,3
Vacation,02_22_2022,Great Blue Heron,15
Vacation,02_22_2022,Great Egret,76
Vacation,02_22_2022,Roseate Spoonbill,1
Vacation,02_22_2022,White Ibis,9
Vacation,02_24_2021,Great Blue Heron,12
Vacation,02_24_2021,Great Egret,110
Vacation,02_24_2021,Roseate Spoonbill,1
Vacation,02_24_2021,White Ibis,5
Vacation,02_24_2021,Wood Stork,2
Vacation,02_25_2020,Great Blue Heron,5
Vacation,02_25_2020,Great Egret,28
Vacation,02_25_2020,White Ibis,1
Vacation,02_25_2020,Wood Stork,2
Vacation,02_27_2023,Great Blue Heron,8
Vacation,02_27_2023,Great Egret,256
Vacation,02_27_2023,Roseate Spoonbill,4
Vacation,02_27_2023,White Ibis,5
Vacation,02_27_2023,Wood Stork,6
Vacation,03_02_2022,Great Blue Heron,23
Vacation,03_02_2022,Great Egret,189
Vacation,03_02_2022,White Ibis,1
Vacation,03_02_2022,Wood Stork,3
Vacation,03_03_2021,Great Blue Heron,9
Vacation,03_03_2021,Great Egret,98
Vacation,03_03_2021,Roseate Spoonbill,2
Vacation,03_03_2021,White Ibis,51
Vacation,03_04_2020,Great Blue Heron,1
Vacation,03_04_2020,Great Egret,78
Vacation,03_06_2023,Great Blue Heron,4
Vacation,03_06_2023,Great Egret,130
Vacation,03_06_2023,Roseate Spoonbill,2
Vacation,03_06_2023,White Ibis,2
Vacation,03_06_2023,Wood Stork,2
Vacation,03_08_2022,Great Blue Heron,11
Vacation,03_08_2022,Great Egret,136
Vacation,03_08_2022,White Ibis,1
Vacation,03_12_2020,Great Blue Heron,5
Vacation,03_12_2020,Great Egret,146
Vacation,03_12_2020,Wood Stork,1
Vacation,03_12_2021,Great Blue Heron,12
Vacation,03_12_2021,Great Egret,89
Vacation,03_12_2021,Roseate Spoonbill,2
Vacation,03_12_2021,Wood Stork,4
Vacation,03_13_2023,Great Blue Heron,7
Vacation,03_13_2023,Great Egret,144
Vacation,03_13_2023,Roseate Spoonbill,2
Vacation,03_13_2023,White Ibis,2
Vacation,03_13_2023,Wood Stork,8
Vacation,03_15_2022,Great Blue Heron,10
Vacation,03_15_2022,Great Egret,168
Vacation,03_15_2022,White Ibis,18
Vacation,03_17_2021,Great Blue Heron,10
Vacation,03_17_2021,Great Egret,66
Vacation,03_17_2021,Roseate Spoonbill,1
Vacation,03_17_2021,White Ibis,16
Vacation,03_19_2020,Great Blue Heron,10
Vacation,03_19_2020,Great Egret,96
Vacation,03_19_2020,Roseate Spoonbill,1
Vacation,03_19_2020,Wood Stork,4
Vacation,03_20_2023,Great Blue Heron,4
Vacation,03_20_2023,Great Egret,133
Vacation,03_20_2023,Roseate Spoonbill,1
Vacation,03_20_2023,White Ibis,4
Vacation,03_20_2023,Wood Stork,1
Vacation,03_22_2022,Great Blue Heron,14
Vacation,03_22_2022,Great Egret,160
Vacation,03_22_2022,Roseate Spoonbill,5
Vacation,03_22_2022,Wood Stork,1
Vacation,03_24_2020,Great Blue Heron,16
Vacation,03_24_2020,Great Egret,63
Vacation,03_24_2020,White Ibis,1
Vacation,03_24_2021,Great Blue Heron,18
Vacation,03_24_2021,Great Egret,65
Vacation,03_24_2021,Roseate Spoonbill,1
Vacation,03_24_2021,White Ibis,19
Vacation,03_27_2023,Great Blue Heron,2
Vacation,03_27_2023,Great Egret,104
Vacation,03_27_2023,Roseate Spoonbill,2
Vacation,03_27_2023,White Ibis,7
Vacation,03_27_2023,Wood Stork,2
Vacation,03_30_2022,Great Blue Heron,15
Vacation,03_30_2022,Great Egret,224
Vacation,03_30_2022,Roseate Spoonbill,5
Vacation,03_30_2022,White Ibis,5
Vacation,03_30_2022,Wood Stork,5
Vacation,03_31_2020,Great Blue Heron,5
Vacation,03_31_2020,Great Egret,146
Vacation,03_31_2020,Wood Stork,1
Vacation,03_31_2021,Great Blue Heron,13
Vacation,03_31_2021,Great Egret,91
Vacation,03_31_2021,Roseate Spoonbill,7
Vacation,03_31_2021,Wood Stork,3
Vacation,04_03_2020,Great Blue Heron,7
Vacation,04_03_2020,Great Egret,65
Vacation,04_03_2023,Great Blue Heron,9
Vacation,04_03_2023,Great Egret,61
Vacation,04_03_2023,Roseate Spoonbill,2
Vacation,04_03_2023,White Ibis,4
Vacation,04_03_2023,Wood Stork,1
Vacation,04_06_2022,Great Blue Heron,12
Vacation,04_06_2022,Great Egret,146
Vacation,04_06_2022,Roseate Spoonbill,1
Vacation,04_06_2022,White Ibis,5
Vacation,04_07_2021,Great Blue Heron,21
Vacation,04_07_2021,Great Egret,182
Vacation,04_07_2021,Roseate Spoonbill,1
Vacation,04_07_2021,White Ibis,21
Vacation,04_07_2021,Wood Stork,2
Vacation,04_09_2020,Great Blue Heron,9
Vacation,04_09_2020,Great Egret,54
Vacation,04_09_2020,Roseate Spoonbill,1
Vacation,04_13_2022,Great Blue Heron,13
Vacation,04_13_2022,Great Egret,172
Vacation,04_13_2022,Roseate Spoonbill,1
Vacation,04_13_2022,White Ibis,6
Vacation,04_13_2023,Great Blue Heron,7
Vacation,04_13_2023,Great Egret,52
Vacation,04_13_2023,Roseate Spoonbill,7
Vacation,04_13_2023,White Ibis,9
Vacation,04_15_2021,Great Blue Heron,18
Vacation,04_15_2021,Great Egret,138
Vacation,04_15_2021,Roseate Spoonbill,1
Vacation,04_15_2021,White Ibis,24
Vacation,04_16_2020,Great Blue Heron,8
Vacation,04_16_2020,Great Egret,45
Vacation,04_16_2020,Roseate Spoonbill,2
Vacation,04_18_2023,Great Blue Heron,5
Vacation,04_18_2023,Great Egret,38
Vacation,04_18_2023,Roseate Spoonbill,9
Vacation,04_18_2023,White Ibis,1
Vacation,04_20_2022,Great Blue Heron,19
Vacation,04_20_2022,Great Egret,180
Vacation,04_20_2022,Roseate Spoonbill,2
Vacation,04_20_2022,White Ibis,2
Vacation,04_21_2021,Great Blue Heron,11
Vacation,04_21_2021,Great Egret,179
Vacation,04_21_2021,Roseate Spoonbill,4
Vacation,04_21_2021,White Ibis,13
Vacation,04_21_2021,Wood Stork,2
Vacation,04_23_2020,Great Blue Heron,7
Vacation,04_23_2020,Great Egret,65
Vacation,04_23_2020,Roseate Spoonbill,1
Vacation,04_23_2020,White Ibis,1
Vacation,04_24_2023,Great Blue Heron,8
Vacation,04_24_2023,Great Egret,32
Vacation,04_24_2023,Roseate Spoonbill,5
Vacation,04_24_2023,White Ibis,3
Vacation,04_27_2022,Great Blue Heron,10
Vacation,04_27_2022,Great Egret,194
Vacation,04_27_2022,Roseate Spoonbill,2
Vacation,04_27_2022,White Ibis,6
Vacation,04_27_2022,Wood Stork,2
Vacation,04_28_2021,Great Blue Heron,16
Vacation,04_28_2021,Great Egret,159
Vacation,04_28_2021,White Ibis,3
Vacation,04_30_2020,Great Blue Heron,8
Vacation,04_30_2020,Great Egret,113
Vacation,04_30_2020,Roseate Spoonbill,2
Vacation,04_30_2020,White Ibis,1
Vacation,04_30_2020,Wood Stork,11
Vacation,05_04_2022,Great Blue Heron,12
Vacation,05_04_2022,Great Egret,201
Vacation,05_04_2022,Roseate Spoonbill,7
Vacation,05_04_2022,White Ibis,1
Vacation,05_04_2022,Wood Stork,4
Vacation,05_05_2021,Great Blue Heron,15
Vacation,05_05_2021,Great Egret,153
Vacation,05_05_2021,Roseate Spoonbill,3
Vacation,05_05_2021,White Ibis,13
Vacation,05_07_2020,Great Blue Heron,9
Vacation,05_07_2020,Great Egret,101
Vacation,05_07_2020,Roseate Spoonbill,1
Vacation,05_07_2020,White Ibis,1
Vacation,05_07_2020,Wood Stork,5
Vacation,05_12_2021,Great Blue Heron,11
Vacation,05_12_2021,Great Egret,152
Vacation,05_12_2021,Roseate Spoonbill,2
Vacation,05_12_2021,White Ibis,29
Vacation,05_12_2021,Wood Stork,2
Vacation,05_13_2022,Great Blue Heron,11
Vacation,05_13_2022,Great Egret,170
Vacation,05_13_2022,Roseate Spoonbill,5
Vacation,05_13_2022,White Ibis,5
Vacation,05_13_2022,Wood Stork,2
Vacation,05_19_2020,Great Blue Heron,4
Vacation,05_19_2020,Great Egret,95
Vacation,05_19_2020,Roseate Spoonbill,1
Vacation,05_19_2020,Wood Stork,2
Vacation,05_19_2021,Great Blue Heron,15
Vacation,05_19_2021,Great Egret,156
Vacation,05_19_2021,White Ibis,2
Vacation,05_19_2021,Wood Stork,6
Vacation,05_19_2022,Great Blue Heron,12
Vacation,05_19_2022,Great Egret,212
Vacation,05_19_2022,Roseate Spoonbill,22
Vacation,05_19_2022,Wood Stork,13
Vacation,05_24_2021,Great Blue Heron,17
Vacation,05_24_2021,Great Egret,184
Vacation,05_24_2021,Roseate Spoonbill,4
Vacation,05_24_2021,White Ibis,1
Vacation,05_24_2021,Wood Stork,6
Vacation,05_26_2022,Great Blue Heron,10
Vacation,05_26_2022,Great Egret,196
Vacation,05_26_2022,Roseate Spoonbill,25
Vacation,05_26_2022,White Ibis,3
Vacation,05_26_2022,Wood Stork,25
Vacation,05_29_2020,Great Blue Heron,4
Vacation,05_29_2020,Great Egret,63
Vacation,05_29_2020,Roseate Spoonbill,7
Vacation,05_29_2020,White Ibis,1
Vacation,05_29_2020,Wood Stork,2
Vacation,06_01_2022,Great Blue Heron,1
Vacation,06_01_2022,Great Egret,198
Vacation,06_01_2022,Roseate Spoonbill,12
Vacation,06_01_2022,White Ibis,7
Vacation,06_01_2022,Wood Stork,20
Vacation,06_09_2022,Great Blue Heron,15
Vacation,06_09_2022,Great Egret,84
Vacation,06_09_2022,Roseate Spoonbill,12
Vacation,06_09_2022,White Ibis,6
Vacation,06_09_2022,Wood Stork,8
Vulture,02_28_2022,Great Blue Heron,27
Vulture,02_28_2022,Great Egret,116
Vulture,02_28_2022,White Ibis,6
Vulture,03_28_2022,Great Blue Heron,61
Vulture,03_28_2022,Great Egret,237
Vulture,03_28_2022,Roseate Spoonbill,2
Vulture,03_28_2022,White Ibis,1
Vulture,03_28_2022,Wood Stork,1
Vulture,04_14_2020,Great Blue Heron,42
Vulture,04_14_2020,Great Egret,329
Vulture,04_14_2020,Roseate Spoonbill,7
Vulture,04_14_2020,White Ibis,9
Vulture,04_14_2020,Wood Stork,1
Vulture,04_22_2021,Great Blue Heron,21
Vulture,04_22_2021,Great Egret,281
Vulture,04_22_2021,Roseate Spoonbill,4
Vulture,04_22_2021,White Ibis,29
Willowhead,03_22_2023,Great Blue Heron,2
Willowhead,03_22_2023,Great Egret,4
Willowhead,03_22_2023,White Ibis,2
Yonteau,04_27_2020,Great Egret,54
